<?xml version="1.0" encoding="UTF-8"?>
<project-private xmlns="http://www.netbeans.org/ns/project-private/1">
    <editor-bookmarks xmlns="http://www.netbeans.org/ns/editor-bookmarks/2" lastBookmarkId="0"/>
    <open-files xmlns="http://www.netbeans.org/ns/projectui-open-files/2">
        <group>
            <file>file:/E:/Talleres%20Sena%202°%20trimestre/Practica_27/src/Televisor/Principal.java</file>
            <file>file:/E:/Talleres%20Sena%202°%20trimestre/Practica_27/src/Celular/Principal.java</file>
            <file>file:/E:/Talleres%20Sena%202°%20trimestre/Practica_27/src/Nevera/Nevera.java</file>
            <file>file:/E:/Talleres%20Sena%202°%20trimestre/Practica_27/src/Televisor/Televisor.java</file>
            <file>file:/E:/Talleres%20Sena%202°%20trimestre/Practica_27/src/App/Aprendiz.java</file>
            <file>file:/E:/Talleres%20Sena%202°%20trimestre/Practica_27/src/App/principal.java</file>
            <file>file:/E:/Talleres%20Sena%202°%20trimestre/Practica_27/src/Nevera/Principal.java</file>
            <file>file:/E:/Talleres%20Sena%202°%20trimestre/Practica_27/src/Celular/Celular.java</file>
        </group>
    </open-files>
</project-private>
