<?xml version="1.0" encoding="UTF-8"?>
<project-private xmlns="http://www.netbeans.org/ns/project-private/1">
    <editor-bookmarks xmlns="http://www.netbeans.org/ns/editor-bookmarks/2" lastBookmarkId="0"/>
    <open-files xmlns="http://www.netbeans.org/ns/projectui-open-files/2">
        <group>
            <file>file:/E:/Talleres%20Sena%202°%20trimestre/Practica_38/src/practica_38/ListAprendiz.java</file>
            <file>file:/E:/Talleres%20Sena%202°%20trimestre/Practica_38/src/practica_38/Practica_38.java</file>
            <file>file:/E:/Talleres%20Sena%202°%20trimestre/Practica_38/src/practica_38/Aprendiz.java</file>
        </group>
    </open-files>
</project-private>
