<?xml version="1.0" encoding="UTF-8"?>
<project-private xmlns="http://www.netbeans.org/ns/project-private/1">
    <editor-bookmarks xmlns="http://www.netbeans.org/ns/editor-bookmarks/2" lastBookmarkId="0"/>
    <open-files xmlns="http://www.netbeans.org/ns/projectui-open-files/2">
        <group>
            <file>file:/E:/Talleres%20Sena%202°%20trimestre/Practica_36/src/practica_36/Practica_36.java</file>
            <file>file:/E:/Talleres%20Sena%202°%20trimestre/Practica_36/src/practica_36/Ejercicio_listas_java.java</file>
        </group>
    </open-files>
</project-private>
