<?xml version="1.0" encoding="UTF-8"?>
<project-private xmlns="http://www.netbeans.org/ns/project-private/1">
    <editor-bookmarks xmlns="http://www.netbeans.org/ns/editor-bookmarks/2" lastBookmarkId="0"/>
    <open-files xmlns="http://www.netbeans.org/ns/projectui-open-files/2">
        <group>
            <file>file:/E:/Talleres%20Sena%202°%20trimestre/Ejercicio_de_funciones/src/ejercicio_de_funciones_1/Ejercicio_de_funciones.java</file>
            <file>file:/E:/Talleres%20Sena%202°%20trimestre/Ejercicio_de_funciones/src/Ejercicio_de_funciones_2/operaciones.java</file>
            <file>file:/E:/Talleres%20Sena%202°%20trimestre/Ejercicio_de_funciones/src/Ejercicio_de_funciones_2/Ejercicio_java_funciones.java</file>
        </group>
    </open-files>
</project-private>
